objectid,route_name_ruta_troncal,nombre_ruta_troncal,servicio_unico_ruta_troncal,origen_ruta_troncal,destino_ruta_troncal,desc_tipo_ruta_troncal,tipo_operacion,desc_tipo_bus_ruta_troncal,horario_lunes_viernes,horario_sabado,horario_domingo_festivo,estado_ruta_troncal,longitud_comercial,longitud_ruta_troncal,log_replica,created_user,created_date,last_edited_user,last_edited_date,tipo_ruta_troncal,tipo_bus_ruta_troncal,globalid,shape_Length
1,G43C,G43C,GK43,CAD,SAN MATEO - CC UNISUR,TRONCAL,Refuerzo,BIARTICULADO,16:15 - 22:00,0,0,OPERATIVA,15.028,15.03230665,,,,editorTroncal,2024/02/13 19:26:12+00,1,2,{D3BD60B0-D017-43D6-8E21-FB4E9CCB5EC7},15032.3066529891
2,G47,G47,GM47,MUSEO NACIONAL - FNG,PORTAL SUR - JFK Coop. Financiera,TRONCAL,Normal,BIARTICULADO,04:30 - 23:00,05:00 - 23:00,04:30 - 22:00,OPERATIVA,13.466,13.42821073,,,,editorTroncal,2024/12/05 17:37:27+00,1,2,{86834442-7085-43B5-9174-26E585ED1022},13428.2107265752
3,F51,F51,FM51,MUSEO NACIONAL - FNG,PORTAL AMÉRICAS,TRONCAL,Normal,BIARTICULADO,05:00 - 23:00,05:00 - 23:00,0,OPERATIVA,14.916,14.92051726,,,,editorTroncal,2024/12/05 17:37:27+00,1,2,{BF15AEAD-2841-4173-AD32-968EA22BBACF},14920.5172633678
4,F23,F23,FJ23,LAS AGUAS - CENTRO COLOMBO AMERICANO,PORTAL AMÉRICAS,TRONCAL,Normal,BIARTICULADO,05:00 - 23:00,05:00 - 23:00,05:30 - 22:00,OPERATIVA,14.454,14.45862109,,,,editorTroncal,2024/01/22 18:05:24+00,1,2,{C7C93DB0-79A5-4FB6-A0F6-4008EED40F63},14458.6210940149
5,L10,L10,KL10,PORTAL EL DORADO – C.C. NUESTRO BOGOTÁ,PORTAL 20 DE JULIO,TRONCAL,Normal,BIARTICULADO,05:00 - 23:00,05:00 - 23:00,04:30 - 22:00,OPERATIVA,17.431,17.44256199,,,,editorTroncal,2024/12/27 13:43:10+00,1,2,{AE6AA23B-29C5-42DF-9B55-030BDE9B5FDB},17442.5619879057
6,G22,G22,DG22,PORTAL 80,PORTAL SUR - JFK Coop. Financiera,TRONCAL,Normal,BIARTICULADO,05:00 - 23:00,05:00 - 23:00,05:30 - 22:00,OPERATIVA,23.5,23.50713378,,,,editorTroncal,2024/01/22 18:05:20+00,1,2,{AF84FF8C-045A-45AF-A2C1-5D925FDC297E},23507.1337819356
7,4-2,4 P,4,PORTAL SUR - JFK Coop. Financiera,HÉROES,TRONCAL,Normal,ARTICULADO,04:00 - 23:00,04:00 - 23:00,04:00 - 22:00,OPERATIVA,19.249,19.25706859,,,,editorTroncal,2024/08/21 14:27:07+00,1,1,{281F67CB-AB60-4143-AF06-1BA334222554},19257.0685942775
8,M51,M51,FM51,PORTAL AMÉRICAS,MUSEO NACIONAL - FNG,TRONCAL,Normal,BIARTICULADO,04:30 - 23:00,04:30 - 23:00,0,OPERATIVA,15.487,15.49358753,,,,editorTroncal,2024/12/05 17:37:27+00,1,2,{3B6B5A12-049D-4BC2-A02F-E2FAFD598C5B},15493.5875332792
9,L41,L41,GL41,SAN MATEO - CC UNISUR,BICENTENARIO,TRONCAL,Normal,BIARTICULADO,04:30 - 21:00,04:30 - 21:00,0,OPERATIVA,15.136,15.49729439,,,,editorTroncal,2024/01/22 18:05:28+00,1,2,{B904A910-ED78-4A14-9048-6033B9704285},15497.2943851635
10,B13,B13,BH13,PORTAL TUNAL,PORTAL NORTE,TRONCAL,Normal,ARTICULADO,05:00 - 22:00,05:30 - 21:30,0,OPERATIVA,27.314,27.32081306,,,,editorTroncal,2024/01/22 18:05:25+00,1,1,{B4F45AF3-AD80-4C78-BC51-FDA394488628},27320.8130640441
12,F23B,F23B,FJ23,LAS AGUAS - CENTRO COLOMBO AMERICANO,BANDERAS,TRONCAL,Refuerzo,BIARTICULADO,6:15 - 08:00,0,0,OPERATIVA,9.931,9.9342643,,,,editorTroncal,2024/01/22 18:05:32+00,1,2,{A2FBAAED-5AC3-41BA-9139-63D0B9B4CDF2},9934.26429990061
13,B27,B27,BH27,PORTAL TUNAL,PORTAL NORTE,TRONCAL,Normal,BIARTICULADO,5:00-9:00/16:00-20:0,0,0,OPERATIVA,27.264,27.27119856,,,,editorTroncal,2024/01/22 18:05:28+00,1,2,{30868D18-6906-44AE-A798-14EECB2FFAA3},27271.1985610893
14,2-1,2 M,2,MUSEO NACIONAL - FNG,PORTAL 20 DE JULIO,TRONCAL,Normal,BIARTICULADO,04:30 - 23:00,04:30 - 23:00,04:30 - 22:00,OPERATIVA,7.076,7.26857551,,,,editorTroncal,2024/12/05 17:37:27+00,1,2,{3D1BDA44-23D1-4624-9324-6DBB218E03C9},7268.57551431601
15,G45,G45,GG45,SAN MATEO - CC UNISUR,PORTAL SUR - JFK Coop. Financiera,TRONCAL,Normal,ARTICULADO,5:00-8:00/16:30-21:3,05:00 - 08:00,0,OPERATIVA,4.97,4.97626077,,,,editorTroncal,2024/01/22 18:05:30+00,1,1,{A434FD87-D7F4-4BF8-B89F-10C682EA88AE},4976.26076906095
16,J70,J70,J70,PORTAL NORTE,LAS AGUAS - CENTRO COLOMBO AMERICANO,TRONCAL,Normal,ARTICULADO,05:30 - 09:00,0,0,OPERATIVA,21.809,21.81573468,,,,editorTroncal,2024/01/22 18:05:44+00,1,1,{62510CED-F768-4A21-8B29-63A603D176BD},21815.7346804903
17,C25,C25,CL25,PORTAL 20 DE JULIO,PORTAL SUBA,TRONCAL,Normal,BIARTICULADO,04:30 - 22:00,05:00 - 20:00,04:30 - 22:00,OPERATIVA,24.99,24.99844382,,,,editorTroncal,2024/09/13 15:22:49+00,1,2,{A5453BCB-B054-4C75-8675-1B9188C422C4},24998.4438165018
18,8-2,8 T,8,TERMINAL,GUATOQUE - VERAGUAS,TRONCAL,Normal,ARTICULADO,04:30 - 23:00,04:30 - 23:00,04:30 - 22:00,OPERATIVA,21.153,22.09768379,,,,editorTroncal,2024/01/22 18:05:32+00,1,1,{A1CD47BF-4F93-495C-971A-BE8626C00BB3},22097.6837899911
19,G41,G41,GL41,BICENTENARIO,SAN MATEO - CC UNISUR,TRONCAL,Normal,BIARTICULADO,05:00 - 21:00,05:00 - 21:00,0,OPERATIVA,15.266,15.6052618,,,,editorTroncal,2024/01/22 18:05:33+00,1,2,{2A993049-830B-43E6-86DA-169ED1035CE3},15605.2617963442
20,2-2,2 P,2,PORTAL 20 DE JULIO,MUSEO NACIONAL - FNG,TRONCAL,Normal,BIARTICULADO,04:00 - 23:00,04:00 - 23:00,04:30 - 22:00,OPERATIVA,7.266,7.07826325,,,,editorTroncal,2024/12/05 17:37:27+00,1,2,{CCBF8EB6-9054-47BF-9266-5CEEA7667A97},7078.26324508313
21,H72,H72,BH72,TOBERIN - FOUNDEVER,PORTAL USME,TRONCAL,Normal,ARTICULADO,05:30 - 23:00,05:30 - 23:00,06:00 - 21:00,OPERATIVA,29.388,29.39629075,,,,editorTroncal,2024/01/22 18:05:35+00,1,1,{04486F01-CC6B-444D-BE06-BF8CA4B90435},29396.290746944
22,L18,L18,BL18,TERMINAL,PORTAL 20 DE JULIO,TRONCAL,Normal,BIARTICULADO,05:00 - 22:00,05:30 - 21:30,0,OPERATIVA,25.71,25.62417709,,,,editorTroncal,2024/01/22 18:05:35+00,1,2,{8003F62C-5B1A-43CC-A9AB-5B9CDD5998D3},25624.1770931061
23,5-2,5 P,5,PORTAL AMÉRICAS,CALLE 22,TRONCAL,Normal,ARTICULADO,04:00 - 23:00,04:00 - 23:00,04:00 - 22:00,OPERATIVA,14.924,14.89605799,,,,editorTroncal,2024/01/22 18:05:46+00,1,1,{71AB28D0-6251-4648-AD4F-0B01CDE4E3B1},14896.0579929791
24,H15,H15,CH15,PORTAL SUBA,PORTAL TUNAL,TRONCAL,Normal,BIARTICULADO,05:30 - 23:00,05:30 - 23:00,04:30 - 22:00,OPERATIVA,27.767,27.777124,,,,editorTroncal,2024/01/22 18:05:39+00,1,2,{8833C8E9-E39C-46E0-8D48-EB3115F923CB},27777.1239964519
25,B16,B16,BK16,PORTAL EL DORADO – C.C. NUESTRO BOGOTÁ,TERMINAL,TRONCAL,Normal,BIARTICULADO,05:30 - 22:30,05:30 - 22:00,0,OPERATIVA,26.588,26.59761671,,,,editorTroncal,2024/12/27 13:43:10+00,1,2,{E17455F9-7941-4DCD-8E44-711571BD4ABB},26597.6167111604
26,G12,G12,BG12,PORTAL NORTE,PORTAL SUR - JFK Coop. Financiera,TRONCAL,Normal,BIARTICULADO,04:30 - 23:00,04:30 - 23:00,04:30 - 22:00,OPERATIVA,26.797,26.80601025,,,,editorTroncal,2024/01/22 18:05:40+00,1,2,{317F3F1E-0DA6-4E3C-9FB3-7654BB3EF484},26806.010247655
27,K43C,K43C,GK43,SAN MATEO - CC UNISUR,CAD,TRONCAL,Refuerzo,BIARTICULADO,04:00 - 09:00,0,0,OPERATIVA,15.4,16.11490875,,,,editorTroncal,2024/01/22 18:05:41+00,1,2,{16A35286-58A7-4ED0-B605-D483EA2427FB},16114.9087542972
28,B18,B18,BL18,PORTAL 20 DE JULIO,TERMINAL,TRONCAL,Normal,BIARTICULADO,04:30 - 22:00,04:30 - 21:30,0,OPERATIVA,25.29,25.62743286,,,,editorTroncal,2024/01/22 18:05:41+00,1,2,{9F22D2BE-8006-4CFC-8B93-B8316AFC887B},25627.4328565622
29,M47,M47,GM47,PORTAL SUR - JFK Coop. Financiera,MUSEO NACIONAL - FNG,TRONCAL,Normal,BIARTICULADO,04:30 - 23:00,04:30 - 23:00,04:00 - 22:00,OPERATIVA,13.878,13.92884915,,,,editorTroncal,2024/12/05 17:37:27+00,1,2,{94E0AA2D-CF4C-4BF0-A63A-0F1F718DFE7F},13928.8491499474
30,L25,L25,CL25,PORTAL SUBA,PORTAL 20 DE JULIO,TRONCAL,Normal,BIARTICULADO,05:00 - 22:00,05:00 - 20:00,05:00 - 22:00,OPERATIVA,25.309,25.31667239,,,,editorTroncal,2024/09/13 15:23:35+00,1,2,{15133ECD-AC06-4971-9E44-9B714C4FC403},25316.6723856381
31,E32,E32,EF32,PORTAL AMÉRICAS,CALLE 75 - ZONA M,TRONCAL,Normal,ARTICULADO,04:00 - 21:00,04:00 - 20:00,0,OPERATIVA,19.12,20.45105122,,,,editorTroncal,2024/01/22 18:05:43+00,1,2,{77D909BF-3E57-4504-8113-1AD3857E59DE},20451.0512192642
32,D22,D22,DG22,PORTAL SUR - JFK Coop. Financiera,PORTAL 80,TRONCAL,Normal,BIARTICULADO,04:30 - 23:00,04:30 - 23:00,05:30 - 22:00,OPERATIVA,23.657,23.67580712,,,,editorTroncal,2024/01/22 18:05:44+00,1,2,{114D499D-A56B-4C27-82D9-D3B42B7C56FE},23675.8071213956
33,H27,H27,BH27,PORTAL NORTE,PORTAL TUNAL,TRONCAL,Normal,BIARTICULADO,6:00-9:00/15:00-20:0,0,0,OPERATIVA,25.78,25.78834035,,,,editorTroncal,2024/01/22 18:05:45+00,1,2,{B88E4C74-3A9E-4C5C-9FFB-B53B264EDBCE},25788.3403517338
34,K43,K43,GK43,SAN MATEO - CC UNISUR,PORTAL EL DORADO – C.C. NUESTRO BOGOTÁ,TRONCAL,Normal,BIARTICULADO,04:00 - 23:00,04:00 - 23:00,04:00 - 22:00,OPERATIVA,23.74,24.46176437,,,,editorTroncal,2024/12/27 13:43:55+00,1,2,{7ADE8FBD-3914-4828-9C3B-B56088219CB3},24461.7643713469
35,C19,C19,CF19,BANDERAS,PORTAL SUBA,TRONCAL,Normal,BIARTICULADO,05:00 - 22:00,05:30 - 22:00,0,OPERATIVA,27.2,28.6959115,,,,editorTroncal,2024/09/13 15:24:57+00,1,2,{8D50A55E-AE0A-4A19-83B7-55D4DA5C9817},28695.9114960441
36,B74,B74,BJ74,LAS AGUAS - CENTRO COLOMBO AMERICANO,PORTAL NORTE,TRONCAL,Normal,ARTICULADO,06:00 - 22:30,07:00 - 20:30,0,OPERATIVA,18.827,17.30408988,,,,editorTroncal,2024/01/22 18:05:48+00,1,1,{8C0BE84B-DC93-436E-BCDC-8AFE260CD8CC},17304.0898759801
37,F19,F19,CF19,PORTAL SUBA,BANDERAS,TRONCAL,Normal,BIARTICULADO,04:30 - 22:00,04:30 - 22:00,0,OPERATIVA,27.298,27.30774215,,,,editorTroncal,2024/09/13 15:20:56+00,1,2,{7520290A-1523-486B-8738-469B8D380AD3},27307.7421506107
38,J74,J74,BJ74,PORTAL NORTE,LAS AGUAS - CENTRO COLOMBO AMERICANO,TRONCAL,Normal,ARTICULADO,05:30 - 21:30,06:30 - 20:30,0,OPERATIVA,19.237,19.24351493,,,,editorTroncal,2024/01/22 18:05:52+00,1,1,{AC67D931-1013-4B92-AD1F-1A6DCD859645},19243.5149260017
39,K54,K54,HK54,PORTAL USME,PORTAL EL DORADO – C.C. NUESTRO BOGOTÁ,TRONCAL,Normal,BIARTICULADO,04:30 - 22:30,04:30 - 22:30,0,OPERATIVA,23.393,23.40077004,,,,editorTroncal,2024/12/27 13:43:55+00,1,2,{B09CD5AB-59D1-4870-B6E6-DD73D9C7C4C9},23400.7700408663
40,G43,G43,GK43,PORTAL EL DORADO – C.C. NUESTRO BOGOTÁ,SAN MATEO - CC UNISUR,TRONCAL,Normal,BIARTICULADO,05:00 - 23:00,05:00 - 23:00,04:30 - 22:00,OPERATIVA,24.743,24.74935559,,,,editorTroncal,2024/12/27 13:43:10+00,1,2,{0255C508-4C11-4220-BC0F-4055D7904190},24749.355588931
41,G45,G45,GG45,PORTAL SUR - JFK Coop. Financiera,SAN MATEO - CC UNISUR,TRONCAL,Normal,ARTICULADO,5:00-8:00/16:30-21:3,05:00 - 08:00,0,OPERATIVA,4.476,4.47782336,,,,editorTroncal,2024/01/22 18:05:53+00,1,1,{83CDB9A9-D5EB-4515-BE95-7F0A999B2440},4477.82335785931
42,3-1,3 C,3,CORFERIAS,PORTAL TUNAL,TRONCAL,Normal,ARTICULADO,04:30 - 23:00,04:30 - 23:00,04:30 - 22:00,OPERATIVA,13.51443629,13.51443629,,editorTroncal,2023/05/17 19:23:16+00,editorTroncal,2024/02/13 19:47:16+00,1,1,{06870F51-5562-40C9-A8DE-980AB2F246E4},13514.4362864326
43,H73,H73,H73,TOBERIN - FOUNDEVER,PORTAL TUNAL,TRONCAL,Normal,ARTICULADO,5:30-9:00/16:30-20:0,0,0,OPERATIVA,25.418,25.42429785,,,,editorTroncal,2024/01/22 18:05:51+00,1,1,{FC111FBC-39E5-469C-A25F-C04CDB10886D},25424.2978531719
44,8-1,8 G,8,GUATOQUE - VERAGUAS,TERMINAL,TRONCAL,Normal,ARTICULADO,04:30 - 23:00,04:30 - 23:00,04:30 - 22:00,OPERATIVA,21.077,21.36424904,,,,editorTroncal,2024/01/22 18:05:53+00,1,1,{01F0CB16-77D6-4748-88B8-2699578C347A},21364.2490398137
45,C50,C50,BC50,CALLE 161,PORTAL SUBA,TRONCAL,Normal,ARTICULADO,16:30 - 20:00,0,0,OPERATIVA,20.215,20.22111342,,,,editorTroncal,2024/01/22 18:05:55+00,1,1,{B9C614DD-C342-4778-8910-E2A801A65F09},20221.1134180686
46,H20,H20,DH20,PORTAL 80,PORTAL USME,TRONCAL,Normal,BIARTICULADO,04:30 - 22:00,05:00 - 20:00,0,OPERATIVA,26.057,26.06301586,,,,editorTroncal,2024/01/22 18:05:55+00,1,2,{E92FFE04-ED5D-4764-91EC-2D1070331901},26063.0158594696
47,H54,H54,HK54,PORTAL EL DORADO – C.C. NUESTRO BOGOTÁ,PORTAL USME,TRONCAL,Normal,BIARTICULADO,05:30 - 22:30,05:30 - 22:30,0,OPERATIVA,22.16,22.16685219,,,,editorTroncal,2024/12/27 13:43:10+00,1,2,{EFF32586-3958-47CA-9898-29829E509715},22166.8521941927
48,F32,F32,EF32,CALLE 75 - ZONA M,PORTAL AMÉRICAS,TRONCAL,Normal,ARTICULADO,05:00 - 22:00,05:00 - 20:00,0,OPERATIVA,18.31,18.31640235,,,,editorTroncal,2024/01/22 18:05:58+00,1,2,{480E6DE2-A86B-4CA0-8DF5-1B5E9C171B42},18316.402347027
49,B28,B28,BF28,PORTAL AMÉRICAS,PORTAL NORTE,TRONCAL,Normal,ARTICULADO,04:00 - 20:00,04:00 - 20:00,0,OPERATIVA,29.34,29.3991019,,,,editorTroncal,2024/01/22 18:05:58+00,1,1,{F8E1F019-C4E9-4464-9090-BE30D7367C3B},29399.1018968102
50,B72,B72,BH72,PORTAL USME,TOBERIN - FOUNDEVER,TRONCAL,Normal,ARTICULADO,04:30 - 23:00,04:30 - 23:00,05:00 - 20:00,OPERATIVA,29.538,30.87291986,,,,editorTroncal,2024/01/22 18:05:59+00,1,1,{A1B61E0A-8FA7-4F21-8FE2-422B3066A9DD},30872.9198567151
51,K86ACV,K86ACV,MK86,AEROPUERTO EL DORADO,HACIENDA SANTA BARBARA,DUAL,Ciclovia,DUAL,0,0,07:00 - 14:00,OPERATIVA,7.434,9.95871904,,,,editorTroncal,2024/01/22 20:24:18+00,2,3,{C0AC5ECC-A507-4CC1-9BB7-146C4555E857},9958.71904149077
52,K10,K10,KL10,PORTAL 20 DE JULIO,PORTAL EL DORADO – C.C. NUESTRO BOGOTÁ,TRONCAL,Normal,BIARTICULADO,04:00 - 23:00,04:00 - 23:00,04:30 - 22:00,OPERATIVA,18.829,18.83643503,,,,editorTroncal,2024/12/27 13:43:55+00,1,2,{BAB0C11F-AFD9-4168-849F-7FE16FF64971},18836.4350329928
54,C15,C15,CH15,PORTAL TUNAL,PORTAL SUBA,TRONCAL,Normal,BIARTICULADO,04:00 - 23:00,04:00 - 23:00,04:00 - 22:00,OPERATIVA,28.458,28.46717056,,,,editorTroncal,2024/01/22 18:06:04+00,1,2,{9E2665F2-8A50-4CF4-8D5D-6153C7279B48},28467.1705596766
55,B55,B55,BD55,PORTAL 80,TOBERIN - FOUNDEVER,TRONCAL,Normal,ARTICULADO,05:00 - 08:30,0,0,OPERATIVA,16.5,16.54923206,,editorTroncal,2023/11/03 17:10:16+00,editorTroncal,2024/02/13 19:31:16+00,1,1,{239121BF-DB23-4BDA-8B7C-44375E1B8DA2},16549.2320587792
56,D20,D20,DH20,PORTAL USME,PORTAL 80,TRONCAL,Normal,BIARTICULADO,05:00 - 22:00,06:00 - 20:00,0,OPERATIVA,26.538,26.54669535,,,,editorTroncal,2024/01/22 18:06:06+00,1,2,{D45F7E2C-01B7-4C3A-9EE3-A777D6717C18},26546.6953519497
57,H13,H13,BH13,PORTAL NORTE,PORTAL TUNAL,TRONCAL,Normal,ARTICULADO,05:30 - 22:00,06:30 - 22:00,0,OPERATIVA,25.73,25.73872585,,,,editorTroncal,2024/01/22 18:06:07+00,1,1,{6F48A78B-3CE3-4313-85CD-7620E27C976C},25738.725848779
58,K16,K16,BK16,TERMINAL,PORTAL EL DORADO – C.C. NUESTRO BOGOTÁ,TRONCAL,Normal,BIARTICULADO,05:00 - 22:30,05:30 - 22:00,0,OPERATIVA,25.73,25.96585679,,,,editorTroncal,2024/12/27 13:43:55+00,1,2,{30AE6849-5A93-48FB-BE92-F6064B60314C},25965.8567908347
59,B46,B46,BG46,SAN MATEO - CC UNISUR,PORTAL NORTE,TRONCAL,Normal,BIARTICULADO,4:00-9:00/15:00-20:0,4:00-9:00/15:00-20:0,0,OPERATIVA,31.22,31.22707888,,,,editorTroncal,2024/01/22 18:06:09+00,1,2,{8CAEC269-E549-4871-B1A6-01CCB6AAF674},31227.0788783343
60,G46,G46,BG46,PORTAL NORTE,SAN MATEO - CC UNISUR,TRONCAL,Normal,BIARTICULADO,5:00-9:00/15:00-20:0,5:00-9:00/15:00-20:0,0,OPERATIVA,30.96,31.38266284,,,,editorTroncal,2024/01/22 18:06:10+00,1,2,{FF114DDC-450C-453D-9F5E-BCB4B7851B20},31382.662839297
61,F60,F60,AF60,CALLE 76 - SAN FELIPE,PORTAL AMÉRICAS,TRONCAL,Normal,BIARTICULADO,05:00 - 22:30,05:00 - 22:00,05:00 - 22:00,OPERATIVA,19.573,19.65764462,,,,editorTroncal,2024/01/22 18:06:10+00,1,2,{2454EFAA-0F3D-410A-A82D-DB1CD4E7177B},19657.6446249084
62,A60,A60,AF60,PORTAL AMÉRICAS,CALLE 76 - SAN FELIPE,TRONCAL,Normal,BIARTICULADO,04:30 - 21:30,04:30 - 21:30,04:00 - 22:00,OPERATIVA,20.317,24.25378592,,,,editorTroncal,2024/01/22 18:06:11+00,1,2,{1A4ADC5E-8DC6-4346-88B6-A4D80D90DA0E},24253.7859210676
63,F61,F61,AF61,CALLE 72,PORTAL AMÉRICAS,TRONCAL,Normal,BIARTICULADO,15:00 - 20:00,0,0,OPERATIVA,19.119,19.12542766,,,,editorTroncal,2024/01/22 18:06:11+00,1,2,{6DC4DA2E-EAF8-4C5D-A502-029E49B4AEBF},19125.4276555007
64,H83,H83,HM83,MUSEO NACIONAL - FNG,CL67D Sur - Av Caracas,DUAL,Normal,DUAL,05:00 - 23:00,05:00 - 22:30,05:00 - 22:00,OPERATIVA,14.987,14.99595632,,,,editorTroncal,2024/12/05 17:37:27+00,2,3,{DB38E746-0B93-4101-980F-AB12DDB981C7},14995.9563171497
65,D55,D55,BD55,TOBERIN - FOUNDEVER,PORTAL 80,TRONCAL,Normal,ARTICULADO,15:00 - 20:00,0,0,OPERATIVA,16.43,18.092932,,editorTroncal,2023/11/03 17:13:50+00,editorTroncal,2024/01/22 18:06:25+00,1,1,{6C2F1616-FEC6-43D7-B8F2-CC89C36F82A9},18092.9320004441
66,J23,J23,FJ23,PORTAL AMÉRICAS,LAS AGUAS - CENTRO COLOMBO AMERICANO,TRONCAL,Normal,BIARTICULADO,04:00 - 23:00,04:00 - 23:00,05:00 - 22:00,OPERATIVA,14.802,14.80643814,,editorTroncal,2024/01/18 21:39:16+00,editorTroncal,2024/01/22 18:06:25+00,1,2,{19FFC325-E212-40A8-B626-96D046BE827A},14806.4381439736
67,J23A,J23,FJ23,BANDERAS,LAS AGUAS - CENTRO COLOMBO AMERICANO,TRONCAL,Refuerzo,BIARTICULADO,05:30 - 07:45,0,0,OPERATIVA,10.64,10.64461546,"10,6446154606452",editorTroncal,2024/01/18 21:46:00+00,editorTroncal,2024/01/22 18:06:26+00,1,2,{3EB53CB5-CFB2-4EBC-8AE1-40027BC1B4F3},10644.6154606452
68,L82R,L82R,ML82,CLINICA EL BOSQUE,PORTAL 20 DE JULIO,DUAL,Refuerzo,DUAL,15:00 - 20:00,0,0,OPERATIVA,12.802,12.79502287,,,,editorTroncal,2024/01/22 20:24:17+00,2,3,{A575DD27-D231-4EA5-A770-80C89A503BB5},12795.0228714099
69,M82R,M82R,ML82,PORTAL 20 DE JULIO,CLINICA EL BOSQUE,DUAL,Refuerzo,DUAL,22:30 - 23:00,"22:30 - 23:00
",0,OPERATIVA,18.896,18.8848611,,,,editorTroncal,2024/01/22 20:24:18+00,2,3,{1E89E1D3-CA87-483E-A2EE-D95CEF6A8CC3},18884.8611046042
70,M83,M83,HM83,CL67D Sur - Av Caracas,MUSEO NACIONAL - FNG,DUAL,Normal,DUAL,04:30 - 23:00,04:30 - 22:30,04:30 - 22:00,OPERATIVA,14.441,14.45073704,,,,editorTroncal,2024/12/05 17:37:27+00,2,3,{A2DF24F2-39E6-40CC-882D-55763970ABD4},14450.7370419657
71,L81,L81,DL81,PUENTE DE GUADUA,PORTAL 20 DE JULIO,DUAL,Normal,DUAL,05:00 - 23:00,05:00 - 23:00,05:00 - 22:00 ,OPERATIVA,25.66033029,25.66033029,,editorTroncal,2023/04/04 15:11:29+00,editorTroncal,2024/01/22 20:24:20+00,2,3,{0A676AB8-45C9-4893-92DC-0CD44AEC57E6},25660.3302898884
72,D81,D81,DL81,PORTAL 20 DE JULIO,PUENTE DE GUADUA,DUAL,Normal,DUAL,05:00 - 23:00,05:00 - 23:00,05:00 - 22:00 ,OPERATIVA,23.50794587,23.50794587,,editorTroncal,2023/04/04 15:11:29+00,editorTroncal,2024/01/22 20:24:21+00,2,3,{963ABF6F-23E6-4419-BA94-0BE61D045D51},23507.9458703081
73,C84,C84,CM84,CALLE 72,ETB TIBABUYES,DUAL,Normal,DUAL,05:00 - 23:00,05:00 - 23:00,14:00 - 22:00 ,OPERATIVA,15.60474129,15.60474129,,editorTroncal,2023/06/27 20:42:02+00,editorTroncal,2024/01/22 20:24:21+00,2,3,{56517035-E283-4C70-AB6B-6B4C69372CD4},15604.7412875866
74,D81CV,D81CV,DL81,PORTAL 20 DE JULIO,PUENTE DE GUADUA,DUAL,Ciclovia,DUAL,0,0,06:00 - 14:00,OPERATIVA,24.90402426,24.90402426,,editorTroncal,2023/04/04 15:11:29+00,editorTroncal,2024/01/22 20:24:22+00,2,3,{CF5F625E-3A73-463E-921B-31146F468A04},24904.0242644138
75,K86A,K86A,K86A,PORTAL EL DORADO – C.C. NUESTRO BOGOTÁ,HACIENDA SANTA BARBARA,DUAL,Refuerzo,DUAL,4:00 - 21:00,"4:00 - 18:00
",0,OPERATIVA,5.9,5.94427087,,editorTroncal,2024/01/22 20:33:09+00,editorTroncal,2024/12/27 13:43:10+00,2,3,{2C590553-7865-4921-B97D-1E788165828F},5944.27087035281
76,L81CV,L81CV,DL81,PUENTE DE GUADUA,PORTAL 20 DE JULIO,DUAL,Ciclovia,DUAL,0,0,06:00 - 14:00,OPERATIVA,25.6928853,25.6928853,,editorTroncal,2023/04/04 15:11:29+00,editorTroncal,2024/01/22 20:24:22+00,2,3,{D7EBB5C4-09F7-481F-B7FA-827717CA320F},25692.885296326
77,K86CV,K86CV,MK86,HACIENDA SANTA BARBARA,AEROPUERTO EL DORADO,DUAL,Ciclovia,DUAL,0,0,05:30 - 14:00,OPERATIVA,32.1765907,32.1765907,,editorTroncal,2023/06/27 20:42:02+00,editorTroncal,2024/01/22 20:24:23+00,2,3,{B453416A-0F68-4B40-8BAF-C1D609AC06A4},32176.5907016352
78,K86,K86,MK86,HACIENDA SANTA BARBARA,AEROPUERTO EL DORADO,DUAL,Normal,DUAL,04:30 - 22:00,04:30 - 22:00,04:30 - 21:00,OPERATIVA,26.01451048,26.01451048,,editorTroncal,2023/06/27 20:42:02+00,editorTroncal,2024/01/22 20:24:24+00,2,3,{7D2C645D-D197-4512-824B-13B47E96134A},26014.5104839985
79,M82CV,M82CV,ML82,PORTAL 20 DE JULIO,CLINICA EL BOSQUE,DUAL,Ciclovia,DUAL,0,0,06:00 - 14:00,OPERATIVA,42.197,21.52949468,,editorTroncal,2023/06/27 20:42:02+00,editorTroncal,2024/01/22 20:24:25+00,2,3,{21AC257F-5CF0-4509-AEDC-ADD2F124905D},21529.4946823047
80,L82,L82,ML82,CLINICA EL BOSQUE,PORTAL 20 DE JULIO,DUAL,Normal,DUAL,04:00 - 22:00,04:00 - 22:00,04:30 - 21:00,OPERATIVA,42.197,19.20555222,,editorTroncal,2023/06/27 20:42:02+00,editorTroncal,2024/01/22 20:24:25+00,2,3,{1975AB5B-16B6-4470-8680-AC6745D5E6BD},19205.552217941
81,M84,M84,CM84,ETB TIBABUYES,CALLE 72,DUAL,Normal,DUAL,05:00 - 23:00,05:00 - 23:00,14:00 - 22:00 ,OPERATIVA,15.60474137,15.60474137,,editorTroncal,2023/06/27 20:42:02+00,editorTroncal,2024/01/22 20:24:26+00,2,3,{3D98A67B-4207-42A6-9E12-99AE4FEEFEAA},15604.7413679984
82,M86CV,M86CV,MK86,AEROPUERTO EL DORADO,HACIENDA SANTA BARBARA,DUAL,Ciclovia,DUAL,0,0,05:30 - 14:00,OPERATIVA,21.45106046,21.45106046,,editorTroncal,2023/06/27 20:42:02+00,editorTroncal,2024/01/22 20:24:27+00,2,3,{8B562E7D-E4D7-4305-9246-DA632DED3A61},21451.0604602831
83,M82,M82,ML82,PORTAL 20 DE JULIO,CLINICA EL BOSQUE,DUAL,Normal,DUAL,04:00 - 22:00,04:00 - 22:00,04:30 - 21:00,OPERATIVA,42.197,19.20555211,,editorTroncal,2023/06/27 20:42:02+00,editorTroncal,2024/01/22 20:24:27+00,2,3,{B269F588-01E4-422D-B0C0-448056F81394},19205.5521065172
84,L82CV,L82CV,ML82,CLINICA EL BOSQUE,PORTAL 20 DE JULIO,DUAL,Ciclovia,DUAL,0,0,06:00 - 14:00,OPERATIVA,42.197,20.68520076,,editorTroncal,2023/06/27 20:42:02+00,editorTroncal,2024/01/22 20:24:28+00,2,3,{6E2BB3B8-CB36-40FE-98A8-1CAF5D2B0E0F},20685.2007609126
85,M86,M86,MK86,AEROPUERTO EL DORADO,HACIENDA SANTA BARBARA,DUAL,Normal,DUAL,04:30 - 22:00,04:30 - 22:00,04:30 - 21:00,OPERATIVA,20.43997245,20.43997245,,editorTroncal,2023/06/27 20:42:02+00,editorTroncal,2024/01/22 20:24:29+00,2,3,{F87C48DF-2CF2-46E7-AA62-7B0C72451796},20439.972449488
86,L81 Ref CL72,L81 Ref CL,L81-D81,CARRERA 11 CALLE 72,PORTAL 20 DE JULIO,DUAL,Refuerzo,DUAL,16:00 - 20:00,0,0,OPERATIVA,1252,12.52960454,,editorTroncal,2024/01/22 18:56:02+00,editorTroncal,2024/01/22 20:32:25+00,2,3,{457710D6-5935-430F-87EC-E9FEB4CE5889},12529.6045412495
87,G52,G52,AG52,FLORES - AREANDINA,PORTAL SUR - JFK Coop. Financiera,TRONCAL,Normal,ARTICULADO,16:00 - 20:00,0,0,OPERATIVA,20.21,20.15699404,,,,editorTroncal,2024/02/13 18:53:20+00,1,1,{F85A08A9-339F-4C6E-9044-5995F9C016CE},20156.9940365349
88,A52,A52,AG52,PORTAL SUR - JFK Coop. Financiera,FLORES - AREANDINA,TRONCAL,Normal,ARTICULADO,05:00 - 08:30,0,0,OPERATIVA,20.53,20.86895877,,,,editorTroncal,2024/02/13 18:53:20+00,1,1,{E14F8673-8681-4F85-8343-05C7D64A88D4},20868.9587700434
89,B11,B11,BG11,PORTAL SUR - JFK Coop. Financiera,TERMINAL,TRONCAL,Normal,BIARTICULADO,05:00 - 21:00,06:00 - 21:30,0,OPERATIVA,30.617,30.62804105,,,,editorTroncal,2024/02/13 19:05:38+00,1,2,{E7795827-A96E-48D0-9D4A-7C75ADD0FF59},30628.0410539816
90,B10,B10,BD10,PORTAL 80,PORTAL NORTE,TRONCAL,Normal,BIARTICULADO,04:30 - 21:30,05:30 - 21:30,06:30 - 20:00,OPERATIVA,17.424,17.43086066,,,,editorTroncal,2024/02/13 19:14:06+00,1,2,{D7E5C74E-85F0-4C1E-AA80-BD46D009931D},17430.8606641488
91,G11,G11,BG11,TERMINAL,PORTAL SUR - JFK Coop. Financiera,TRONCAL,Normal,BIARTICULADO,06:00 - 22:00,06:30 - 22:00,0,OPERATIVA,30.3,30.53421534,,,,editorTroncal,2024/02/13 19:05:38+00,1,2,{8A08E1BD-5F13-4B8A-90FC-2F73CAEA5DA5},30534.2153423259
92,6-1,6 U,6,UNIVERSIDADES – CITYU,PORTAL 80,TRONCAL,Normal,ARTICULADO,04:30 - 23:00,04:30 - 23:00,04:30 - 22:00,OPERATIVA,15.061,15.06561955,,,,editorTroncal,2024/05/28 14:24:54+00,1,1,{7EC73A4C-0295-4121-B067-B14016394CC3},15065.6195500753
93,F28,F28,BF28,PORTAL NORTE,PORTAL AMÉRICAS,TRONCAL,Normal,ARTICULADO,05:00 - 20:00,05:00 - 20:00,0,OPERATIVA,29.02,28.97644288,,,,editorTroncal,2024/02/13 19:15:20+00,1,1,{68FD5A4B-C8BB-4A1B-8C4E-1634195904AC},28976.4428823992
94,D10,D10,BD10,PORTAL NORTE,PORTAL 80,TRONCAL,Normal,BIARTICULADO,05:00 - 22:00,06:00 - 22:00,06:30 - 20:00,OPERATIVA,18.044,18.04766299,,,,editorTroncal,2024/02/13 19:24:36+00,1,2,{E3BA67BF-8949-4651-834A-BC78B047A54F},18047.6629898475
95,B12GS,B12GS,BG12,GENERAL SANTANDER,PORTAL NORTE,TRONCAL,Refuerzo,BIARTICULADO,05:30 - 08:00,0,0,OPERATIVA,22.627,22.63261043,,,,editorTroncal,2024/02/13 19:15:45+00,1,2,{209BBFCD-EB3E-4E0B-A3F5-142C1EA0EA31},22632.6104298888
96,B50,B50,BC50,PORTAL SUBA,CALLE 161,TRONCAL,Normal,ARTICULADO,05:30 - 08:30,0,0,OPERATIVA,20.27,22.64422856,,,,editorTroncal,2024/02/13 19:17:59+00,1,1,{87A88F45-68BA-4789-BB70-68C797F93FD8},22644.228555934
97,4-1,4 H,4,HÉROES,PORTAL SUR - JFK Coop. Financiera,TRONCAL,Normal,ARTICULADO,04:30 - 23:00,04:30 - 23:00,04:30 - 22:00,OPERATIVA,18.996,19.2884104,,,,editorTroncal,2024/08/21 14:26:56+00,1,1,{41E54F3E-8AAB-459E-A1ED-8ECB3C818F66},19288.4104007883
98,G12GS,G12GS,BG12,PORTAL NORTE,GENERAL SANTANDER,TRONCAL,Refuerzo,BIARTICULADO,05:00 - 07:00,0,0,OPERATIVA,22.243,22.24982201,,,,editorTroncal,2024/02/13 19:25:19+00,1,2,{210DBF8B-518C-427A-9CCD-58DEC92123A1},22249.8220121418
99,A61,A61,AF61,PORTAL AMÉRICAS,CALLE 72,TRONCAL,Normal,BIARTICULADO,04:30 - 09:00,0,0,OPERATIVA,19.774,24.78600289,,,,editorTroncal,2024/02/13 19:27:51+00,1,2,{1687274E-1460-43DE-B6B0-EE83F2D2F7DE},24786.0028904753
100,G30,G30,CG30,PORTAL SUBA,PORTAL SUR - JFK Coop. Financiera,TRONCAL,Normal,BIARTICULADO,5:00-9:00/15:00-20:0,05:00 - 15:00,0,OPERATIVA,26.552,26.56000011,,,,editorTroncal,2024/02/13 19:36:14+00,1,2,{FAF52F01-2E09-4F8D-9394-445CB8F7429D},26560.0001078315
101,C30,C30,CG30,PORTAL SUR - JFK Coop. Financiera,PORTAL SUBA,TRONCAL,Normal,BIARTICULADO,5:00-9:00/15:00-20:0,05:00 - 15:00,0,OPERATIVA,27.547,27.55357869,,,,editorTroncal,2024/02/13 19:36:14+00,1,2,{105DACF6-D653-404C-9631-2369969C7CF6},27553.5786864204
102,5-1,5 C,5,CALLE 22,PORTAL AMÉRICAS,TRONCAL,Normal,ARTICULADO,04:30 - 23:00,04:30 - 23:00,04:30 - 22:00,OPERATIVA,14.287,15.31580088,,,,editorTroncal,2024/02/13 19:37:14+00,1,1,{9126F440-FB60-4559-95DD-5C3F045715FA},15315.8008801994
103,B12,B12,BG12,PORTAL SUR - JFK Coop. Financiera,PORTAL NORTE,TRONCAL,Normal,BIARTICULADO,04:00 - 23:00,04:00 - 23:00,04:00 - 22:00,OPERATIVA,27.227,27.23350822,,,,editorTroncal,2024/02/13 19:38:21+00,1,2,{F14DB5C0-6DD7-4F8D-8A1D-3AFA28D2D114},27233.5082171506
104,H75,H75,BH75,PORTAL NORTE,PORTAL USME,TRONCAL,Normal,BIARTICULADO,05:00 - 23:00,05:00 - 23:00,04:30 - 22:00,OPERATIVA,28.322,28.32983361,,,,editorTroncal,2024/02/13 19:43:15+00,1,2,{3EDBFD10-A54A-481C-BF6F-D60EDA723AD3},28329.8336080551
105,G42,G42,EG42,7 DE AGOSTO,SAN MATEO - CC UNISUR,TRONCAL,Normal,BIARTICULADO,04:30 - 23:00,05:00 - 23:00,05:00 - 22:00,OPERATIVA,19.07,19.48601428,,,,editorTroncal,2024/08/05 13:55:35+00,1,2,{7BB00821-A22C-42CA-BA22-8129C852F1A1},19486.0142846123
106,3-2,3 P,3,PORTAL TUNAL,CORFERIAS,TRONCAL,Normal,ARTICULADO,"04:00 - 23:00
",04:00 - 23:00 ,04:00 - 22:00,OPERATIVA,14.61989165,14.61989165,,editorTroncal,2023/05/17 19:23:16+00,editorTroncal,2024/02/13 19:46:20+00,1,1,{F9CA265D-C215-48C3-85A6-0CAB230C6711},14619.8916511216
107,B75,B75,BH75,PORTAL USME,PORTAL NORTE,TRONCAL,Normal,ARTICULADO,04:00 - 23:00,04:00 - 23:00,04:00 - 22:00,OPERATIVA,29.21,29.21800064,,,,editorTroncal,2024/02/13 19:45:32+00,1,2,{D17E8E66-52EA-45ED-822F-9A3001CA5FFB},29218.0006379619
108,E42,E42,EG42,SAN MATEO - CC UNISUR,7 DE AGOSTO,TRONCAL,Normal,BIARTICULADO,04:00 - 23:00,04:00 - 23:00,04:00 - 22:00,OPERATIVA,19,19.3300585,,,,editorTroncal,2024/02/13 19:45:51+00,1,2,{76B3683C-B168-419E-824F-CD591E0BF449},19330.0585018689
109,H21,H21,DH21,PORTAL 80,PORTAL TUNAL,TRONCAL,Normal,BIARTICULADO,04:30 - 23:00,04:30 - 23:00,0,OPERATIVA,24.75,24.76762213,,editorTroncal,2024/02/13 19:59:18+00,editorTroncal,2024/02/13 20:03:03+00,1,2,{66B0A8C1-4501-441A-BB28-3C44D74FFCA1},24767.6221342661
110,1-2,1 P,1,PORTAL EL DORADO – C.C. NUESTRO BOGOTÁ,UNIVERSIDADES – CITYU,TRONCAL,Normal,BIARTICULADO,04:30 - 23:00,04:30 - 23:00,04:30 - 22:00,OPERATIVA,10.634,10.98304712,,,,editorTroncal,2024/12/27 13:43:10+00,1,2,{C2495E46-CDA6-406C-BEB7-C59D2728A428},10983.0471195794
111,D21,D21,DH21,PORTAL TUNAL,PORTAL 80,TRONCAL,Normal,BIARTICULADO,04:00 - 23:00,04:00 - 23:00,0,OPERATIVA,24.92,24.93267739,,editorTroncal,2024/02/13 19:59:19+00,editorTroncal,2024/02/13 20:04:56+00,1,2,{53D9F6D5-1803-4ADE-A0AC-49C34E5E1016},24932.6773943207
112,J24,J24,DJ24,PORTAL 80,UNIVERSIDADES – CITYU,TRONCAL,Normal,BIARTICULADO,05:30 - 22:00,05:30 - 20:30,0,OPERATIVA,15.176,15.53341939,,,,editorTroncal,2024/05/28 14:25:40+00,1,2,{B1E3109F-8BAE-4393-9287-185129523D69},15533.4193879178
114,B23,B23,BK23,PORTAL EL DORADO – C.C. NUESTRO BOGOTÁ,ALCALÁ – COLEGIO S. TOMÁS DOMINICOS,TRONCAL,Normal,ARTICULADO,05:00 - 22:00,05:30 - 22:00,0,OPERATIVA,22.58,23.03229134,,,,editorTroncal,2024/12/27 13:43:10+00,1,1,{243D6474-E42C-4B63-83FC-62D0BA260209},23032.2913370844
116,1-1,1 U,1,UNIVERSIDADES – CITYU,PORTAL EL DORADO – C.C. NUESTRO BOGOTÁ,TRONCAL,Normal,BIARTICULADO,04:30 - 23:00,04:30 - 23:00,04:30 - 22:00,OPERATIVA,11.817,11.81923146,,,,editorTroncal,2024/12/27 13:43:55+00,1,2,{5AF5A1C1-623C-4B76-A912-F541F7ACA1DA},11819.2314614873
117,B26,B26,BF26,PORTAL AMÉRICAS,ALCALÁ – COLEGIO S. TOMÁS DOMINICOS,TRONCAL,Normal,BIARTICULADO,04:30 - 09:00,4:30 - 9:00,0,OPERATIVA,26.24,27.31960556,,,,editorTroncal,2024/05/28 14:23:30+00,1,2,{973DA5A1-9B2F-4F58-92B0-2248B9ECF832},27319.6055582447
118,H76,H76,JH76,UNIVERSIDADES – CITYU,PORTAL USME,TRONCAL,Normal,BIARTICULADO,16:00 - 22:30,0,0,OPERATIVA,14.419,14.42442581,,editorTroncal,2023/04/12 14:22:22+00,editorTroncal,2024/05/28 14:24:54+00,1,2,{989CDBF4-33DD-4F5C-9FA4-478A3EBA0426},14424.4258056928
119,K23,K23,BK23,ALCALÁ – COLEGIO S. TOMÁS DOMINICOS,PORTAL EL DORADO – C.C. NUESTRO BOGOTÁ,TRONCAL,Normal,ARTICULADO,05:30 - 22:00,05:30 - 22:00,0,OPERATIVA,21.916,21.87195756,,,,editorTroncal,2024/12/27 13:43:55+00,1,1,{B6491918-0334-4B3C-84A7-F2596E7F4FFA},21871.9575610856
120,F26,F26,BF26,ALCALÁ – COLEGIO S. TOMÁS DOMINICOS,PORTAL AMÉRICAS,TRONCAL,Normal,BIARTICULADO,15:00 - 20:00,12:00 - 18:00,0,OPERATIVA,26.843,26.24163786,,,,editorTroncal,2024/05/28 14:23:30+00,1,2,{BCC2F9A2-425A-4AEC-97E7-558086D83231},26241.6378577544
121,C73,C73,CJ73,UNIVERSIDADES – CITYU,PORTAL SUBA,TRONCAL,Normal,BIARTICULADO,16:00 - 22:30,0,0,OPERATIVA,22.878,22.88551072,,,,editorTroncal,2024/05/28 14:24:54+00,1,2,{21E467A4-87F4-47D8-9CB4-47E8F586AA7D},22885.5107212715
122,D24,D24,DJ24,UNIVERSIDADES – CITYU,PORTAL 80,TRONCAL,Normal,BIARTICULADO,06:00 - 23:00,06:00 - 21:00,0,OPERATIVA,15.152,15.15557027,,,,editorTroncal,2024/05/28 14:24:54+00,1,2,{A976B007-41BB-488E-B5E9-326BA51A3426},15155.5702678907
123,J73,J73,CJ73,PORTAL SUBA,UNIVERSIDADES – CITYU,TRONCAL,Normal,BIARTICULADO,05:30 - 09:00,0,0,OPERATIVA,23.398,23.68217188,,,,editorTroncal,2024/05/28 14:25:40+00,1,2,{31ED6AE9-4B62-4504-8CEF-C60ED3531A4F},23682.1718793697
124,6-2,6 P,6,PORTAL 80,UNIVERSIDADES – CITYU,TRONCAL,Normal,ARTICULADO,04:30 - 23:00,04:30 - 23:00,04:30 - 22:00,OPERATIVA,15.136,15.49303806,,,,editorTroncal,2024/05/28 14:25:40+00,1,1,{59812EC2-42C6-4914-9ED9-08A5B1E5EC5B},15493.0380606453
125,J76,J76,JH76,PORTAL USME,UNIVERSIDADES – CITYU,TRONCAL,Normal,BIARTICULADO,05:00 - 08:30,0,0,OPERATIVA,14.394,14.4015975,,editorTroncal,2023/04/12 14:22:22+00,editorTroncal,2024/05/28 14:25:40+00,1,2,{5BA2842C-5279-499A-B315-552C84A9843D},14401.5974956353
129,H17,H17,CH17,PORTAL SUBA,PORTAL USME,TRONCAL,Normal,ARTICULADO,04:30 - 20:00,05:00 - 15:00,0,OPERATIVA,29.877,30.96419724,,editorTroncal,2024/09/13 14:43:30+00,editorTroncal,2024/09/13 14:46:18+00,1,1,{0389ABCA-959C-4437-934A-A1ADD8617E73},30964.1972404975
130,C17,C17,CH17,PORTAL USME,PORTAL SUBA,TRONCAL,Normal,ARTICULADO,04:00 - 20:00,04:00 - 15:00,0,OPERATIVA,30.586,30.96419724,,editorTroncal,2024/09/13 14:38:45+00,editorTroncal,2024/09/13 14:42:56+00,1,1,{50495162-6CE3-44D4-BA5B-45C3D33A5223},30964.1972404975
131,7-1,7 P,7,POLO - FINCOMERCIO,PORTAL SUBA,TRONCAL,Normal,ARTICULADO,04:30 - 23:00,04:30 - 23:00,04:30 - 22:00,OPERATIVA,10.588,13.19203714,,editorTroncal,2024/09/13 15:02:45+00,editorTroncal,2024/09/13 15:13:44+00,1,1,{92C7D540-6A44-49F6-9C8D-E9A23B5F5AFC},13192.0371439981
132,7-2,7 S,7,PORTAL SUBA,POLO - FINCOMERCIO,TRONCAL,Normal,ARTICULADO,04:30 - 23:00,04:30 - 23:00,04:30 - 22:00,OPERATIVA,9.321,10.8415694,,editorTroncal,2024/09/13 15:05:41+00,editorTroncal,2024/09/13 15:13:44+00,1,1,{F56070D3-D8D5-44AA-B30C-9F45FB8FBDBF},10841.5693966055
